problem_number,row_id,sample_id,task_index,instruction,prediction,execution_time_sec,input_tokens,output_tokens,groundtruth,passed,failed,score,task_dir
33,33,0,task_7,"The cloud service system, cloudbed-1, experienced a failure within the time range of March 21, 2022, from 00:30 to 01:00. The root cause component, the exact root cause occurrence time, and the underlying reason are currently unknown. You are tasked with identifying the root cause component, the root cause occurrence datetime, and the root cause reason.","{
    ""1"": {
        ""root cause occurrence datetime"": ""2022-03-21 00:30:00"",
        ""root cause component"": ""node-6"",
        ""root cause reason"": ""container network latency""
    }
}",528.951,766629,51404,answer 1: component=cartservice; reason=container network packet retransmission; datetime=2022-03-21 00:37:25,,"container network packet retransmission
cartservice
2022-03-21 00:37:25",0.0,telemetry/openrca/openrca_market_cb1/task_7-33
