task_index,instruction,scoring_points,incident_start,incident_end
task_1,"On March 4, 2021, within the time range of 14:30 to 15:00, a single failure was detected in the system. The root cause component, the exact root cause occurrence time, and the underlying reason are currently unknown. You are tasked with identifying the root cause component, the root cause occurrence datetime, and the root cause reason.","The only root cause occurrence time is within 1 minutes (i.e., <=1min) of 2021-03-04 14:57:00
",2021-03-04 06:30:00,2021-03-04 07:00:00
task_6,"On March 4, 2021, between 18:00 and 18:30, there was a single failure observed in the system. The root cause component, the exact root cause occurrence time, and the underlying reason are currently unknown. You are tasked with identifying the root cause component, the root cause occurrence datetime, and the root cause reason.","The only predicted root cause component is Redis02
The only predicted root cause reason is high memory usage
",2021-03-04 10:00:00,2021-03-04 10:30:00
task_6,"During the specified time range of March 6, 2021, from 06:00 to 06:30, there was a single failure in the system. The root cause component, the exact root cause occurrence time, and the underlying reason are currently unknown. You are tasked with identifying the root cause component, the root cause occurrence datetime, and the root cause reason.","The only predicted root cause component is Tomcat01
The only predicted root cause reason is high memory usage
",2021-03-05 22:00:00,2021-03-05 22:30:00
task_1,"During the specified time range of March 4, 2021, from 19:00 to 19:30, the system experienced one failure. The root cause component, the exact root cause occurrence time, and the underlying reason are currently unknown. You are tasked with identifying the root cause component, the root cause occurrence datetime, and the root cause reason.","The only root cause occurrence time is within 1 minutes (i.e., <=1min) of 2021-03-04 19:22:00
",2021-03-04 11:00:00,2021-03-04 11:30:00
task_6,"A single failure occurred within the time range of March 6, 2021, from 00:30 to 01:00. The root cause component, the exact root cause occurrence time, and the underlying reason are currently unknown. You are tasked with identifying the root cause component, the root cause occurrence datetime, and the root cause reason.","The only predicted root cause component is Tomcat04
The only predicted root cause reason is network latency
",2021-03-05 16:30:00,2021-03-05 17:00:00
task_5,"On March 6, 2021, between 14:30 and 15:00, the system experienced a failure. The root cause component, the exact root cause occurrence time, and the underlying reason are currently unknown. You are tasked with identifying the root cause component, the root cause occurrence datetime, and the root cause reason.","The only root cause occurrence time is within 1 minutes (i.e., <=1min) of 2021-03-06 14:46:00
The only predicted root cause component is Tomcat03
",2021-03-06 06:30:00,2021-03-06 07:00:00
task_7,"On March 6, 2021, between 18:30 and 19:00, a failure occurred. The root cause component, the exact root cause occurrence time, and the underlying reason are currently unknown. You are tasked with identifying the root cause component, the root cause occurrence datetime, and the root cause reason.","The only root cause occurrence time is within 1 minutes (i.e., <=1min) of 2021-03-06 18:52:00
The only predicted root cause component is apache02
The only predicted root cause reason is network packet loss
",2021-03-06 10:30:00,2021-03-06 11:00:00
task_3,"Within the specified time range of March 6, 2021, from 23:00 to 23:30, there was one reported failure in the system. The root cause component, the exact root cause occurrence time, and the underlying reason are currently unknown. You are tasked with identifying the root cause component, the root cause occurrence datetime, and the root cause reason.","The only predicted root cause component is Tomcat01
",2021-03-06 15:00:00,2021-03-06 15:30:00
task_7,"During the specified time range of March 6, 2021, from 23:30 to March 7, 2021, at 00:00, there was one failure observed. The root cause component, the exact root cause occurrence time, and the underlying reason are currently unknown. You are tasked with identifying the root cause component, the root cause occurrence datetime, and the root cause reason.","The only root cause occurrence time is within 1 minutes (i.e., <=1min) of 2021-03-06 23:36:00
The only predicted root cause component is MG01
The only predicted root cause reason is network latency
",2021-03-06 15:30:00,2021-03-06 16:00:00
task_6,"Within the specified time range of March 7, 2021, from 00:30 to 01:00, the system experienced a failure. The root cause component, the exact root cause occurrence time, and the underlying reason are currently unknown. You are tasked with identifying the root cause component, the root cause occurrence datetime, and the root cause reason.","The only predicted root cause component is MG02
The only predicted root cause reason is network packet loss
",2021-03-06 16:30:00,2021-03-06 17:00:00
task_3,"During the specified time range of March 7, 2021, from 07:30 to 08:00, there was a single failure in the system. The root cause component, the exact root cause occurrence time, and the underlying reason are currently unknown. You are tasked with identifying the root cause component, the root cause occurrence datetime, and the root cause reason.","The only predicted root cause component is Tomcat02
",2021-03-06 23:30:00,2021-03-07 00:00:00
task_1,"Within the time range of March 7, 2021, from 16:00 to 16:30, there were two failures detected in the system. For each failure, the root cause component, the exact root cause occurrence time, and the underlying reason are currently unknown. You are tasked with identifying, for EACH failure, the root cause component, the root cause occurrence datetime, and the root cause reason.","The 1-th root cause occurrence time is within 1 minutes (i.e., <=1min) of 2021-03-07 16:08:00
The 2-th root cause occurrence time is within 1 minutes (i.e., <=1min) of 2021-03-07 16:29:00
",2021-03-07 08:00:00,2021-03-07 08:30:00
task_3,"Two system failures were reported within the time range of March 7, 2021, from 16:00 to 16:30. For each failure, the root cause component, the exact root cause occurrence time, and the underlying reason are currently unknown. You are tasked with identifying, for EACH failure, the root cause component, the root cause occurrence datetime, and the root cause reason.","The 1-th predicted root cause component is MG01
The 2-th predicted root cause component is Tomcat04
",2021-03-07 08:00:00,2021-03-07 08:30:00
task_4,"Within the time range of March 7, 2021, from 18:30 to 19:00, there was one failure reported in the system. The root cause component, the exact root cause occurrence time, and the underlying reason are currently unknown. You are tasked with identifying the root cause component, the root cause occurrence datetime, and the root cause reason.","The only root cause occurrence time is within 1 minutes (i.e., <=1min) of 2021-03-07 18:59:00
The only predicted root cause reason is network latency
",2021-03-07 10:30:00,2021-03-07 11:00:00
task_2,"During the specified time range of March 7, 2021, from 21:30 to 22:00, there was a single failure reported. The root cause component, the exact root cause occurrence time, and the underlying reason are currently unknown. You are tasked with identifying the root cause component, the root cause occurrence datetime, and the root cause reason.","The only predicted root cause reason is network packet loss
",2021-03-07 13:30:00,2021-03-07 14:00:00
task_4,"Within the specified time range of March 9, 2021, from 08:00 to 08:30, there was a single failure reported. The root cause component, the exact root cause occurrence time, and the underlying reason are currently unknown. You are tasked with identifying the root cause component, the root cause occurrence datetime, and the root cause reason.","The only root cause occurrence time is within 1 minutes (i.e., <=1min) of 2021-03-09 08:13:00
The only predicted root cause reason is network packet loss
",2021-03-09 00:00:00,2021-03-09 00:30:00
task_1,"During the specified time range of March 9, 2021, from 09:00 to 09:30, the system experienced a failure. The root cause component, the exact root cause occurrence time, and the underlying reason are currently unknown. You are tasked with identifying the root cause component, the root cause occurrence datetime, and the root cause reason.","The only root cause occurrence time is within 1 minutes (i.e., <=1min) of 2021-03-09 09:18:00
",2021-03-09 01:00:00,2021-03-09 01:30:00
task_6,"During the specified time range of March 9, 2021, from 11:00 to 11:30, there was one documented failure in the system. The root cause component, the exact root cause occurrence time, and the underlying reason are currently unknown. You are tasked with identifying the root cause component, the root cause occurrence datetime, and the root cause reason.","The only predicted root cause component is Tomcat01
The only predicted root cause reason is network latency
",2021-03-09 03:00:00,2021-03-09 03:30:00
task_6,"A failure was detected during the time range of March 9, 2021, from 13:00 to 13:30. The root cause component, the exact root cause occurrence time, and the underlying reason are currently unknown. You are tasked with identifying the root cause component, the root cause occurrence datetime, and the root cause reason.","The only predicted root cause component is MG02
The only predicted root cause reason is network packet loss
",2021-03-09 05:00:00,2021-03-09 05:30:00
task_3,"Between March 9, 2021, from 14:00 to 14:30, a single failure was observed in the system. The root cause component, the exact root cause occurrence time, and the underlying reason are currently unknown. You are tasked with identifying the root cause component, the root cause occurrence datetime, and the root cause reason.","The only predicted root cause component is MG02
",2021-03-09 06:00:00,2021-03-09 06:30:00
task_5,"During the specified time range of March 9, 2021, from 15:00 to 15:30, the system experienced a failure. The root cause component, the exact root cause occurrence time, and the underlying reason are currently unknown. You are tasked with identifying the root cause component, the root cause occurrence datetime, and the root cause reason.","The only root cause occurrence time is within 1 minutes (i.e., <=1min) of 2021-03-09 15:25:00
The only predicted root cause component is Tomcat01
",2021-03-09 07:00:00,2021-03-09 07:30:00
task_5,"During the specified time range of March 9, 2021, from 16:30 to 17:00, there was one failure recorded. The root cause component, the exact root cause occurrence time, and the underlying reason are currently unknown. You are tasked with identifying the root cause component, the root cause occurrence datetime, and the root cause reason.","The only root cause occurrence time is within 1 minutes (i.e., <=1min) of 2021-03-09 16:56:00
The only predicted root cause component is MG02
",2021-03-09 08:30:00,2021-03-09 09:00:00
task_1,"During the specified time range of March 9, 2021, from 19:00 to 19:30, our system experienced a single failure. The root cause component, the exact root cause occurrence time, and the underlying reason are currently unknown. You are tasked with identifying the root cause component, the root cause occurrence datetime, and the root cause reason.","The only root cause occurrence time is within 1 minutes (i.e., <=1min) of 2021-03-09 19:14:00
",2021-03-09 11:00:00,2021-03-09 11:30:00
task_7,"Between March 9, 2021, from 20:00 to 20:30, there was a single failure detected in the system. The root cause component, the exact root cause occurrence time, and the underlying reason are currently unknown. You are tasked with identifying the root cause component, the root cause occurrence datetime, and the root cause reason.","The only root cause occurrence time is within 1 minutes (i.e., <=1min) of 2021-03-09 20:25:00
The only predicted root cause component is apache01
The only predicted root cause reason is network packet loss
",2021-03-09 12:00:00,2021-03-09 12:30:00
task_6,"During the specified time range of March 9, 2021, from 21:00 to 21:30, a failure occurred in the system. The root cause component, the exact root cause occurrence time, and the underlying reason are currently unknown. You are tasked with identifying the root cause component, the root cause occurrence datetime, and the root cause reason.","The only predicted root cause component is apache01
The only predicted root cause reason is network latency
",2021-03-09 13:00:00,2021-03-09 13:30:00
task_3,"On March 10, 2021, between 07:00 and 07:30, a single failure was detected. The root cause component, the exact root cause occurrence time, and the underlying reason are currently unknown. You are tasked with identifying the root cause component, the root cause occurrence datetime, and the root cause reason.","The only predicted root cause component is apache02
",2021-03-09 23:00:00,2021-03-09 23:30:00
task_7,"A system experienced a failure within the time range of March 10, 2021, from 10:30 to 11:00. The root cause component, the exact root cause occurrence time, and the underlying reason are currently unknown. You are tasked with identifying the root cause component, the root cause occurrence datetime, and the root cause reason.","The only root cause occurrence time is within 1 minutes (i.e., <=1min) of 2021-03-10 10:43:00
The only predicted root cause component is Tomcat01
The only predicted root cause reason is network packet loss
",2021-03-10 02:30:00,2021-03-10 03:00:00
task_6,"On March 10, 2021, between 15:00 and 15:30, two system failures were encountered. For each failure, the root cause component, the exact root cause occurrence time, and the underlying reason are currently unknown. You are tasked with identifying, for EACH failure, the root cause component, the root cause occurrence datetime, and the root cause reason.","The 1-th predicted root cause component is apache02
The 1-th predicted root cause reason is network packet loss
The 2-th predicted root cause component is apache02
The 2-th predicted root cause reason is network latency
",2021-03-10 07:00:00,2021-03-10 07:30:00
task_5,"Within the specified time range of March 10, 2021, from 15:00 to 15:30, there were two failures detected. For each failure, the root cause component, the exact root cause occurrence time, and the underlying reason are currently unknown. You are tasked with identifying, for EACH failure, the root cause component, the root cause occurrence datetime, and the root cause reason.","The 1-th root cause occurrence time is within 1 minutes (i.e., <=1min) of 2021-03-10 15:02:00
The 1-th predicted root cause component is apache02
The 2-th root cause occurrence time is within 1 minutes (i.e., <=1min) of 2021-03-10 15:19:00
The 2-th predicted root cause component is apache02
",2021-03-10 07:00:00,2021-03-10 07:30:00
task_5,"During the time range of March 10, 2021, from 16:30 to 17:00, there was one failure reported in the system. The root cause component, the exact root cause occurrence time, and the underlying reason are currently unknown. You are tasked with identifying the root cause component, the root cause occurrence datetime, and the root cause reason.","The only root cause occurrence time is within 1 minutes (i.e., <=1min) of 2021-03-10 16:42:00
The only predicted root cause component is Tomcat01
",2021-03-10 08:30:00,2021-03-10 09:00:00
task_2,"During the specified time range of March 10, 2021, from 18:30 to 19:00, there was a single failure reported in the system. The root cause component, the exact root cause occurrence time, and the underlying reason are currently unknown. You are tasked with identifying the root cause component, the root cause occurrence datetime, and the root cause reason.","The only predicted root cause reason is network packet loss
",2021-03-10 10:30:00,2021-03-10 11:00:00
task_2,"Within the specified time range of March 12, 2021, from 10:30 to 11:00, there was a single failure within the system. The root cause component, the exact root cause occurrence time, and the underlying reason are currently unknown. You are tasked with identifying the root cause component, the root cause occurrence datetime, and the root cause reason.","The only predicted root cause reason is network packet loss
",2021-03-12 02:30:00,2021-03-12 03:00:00
task_3,"During the specified time range of March 12, 2021, from 12:00 to 12:30, there was a single failure in the system. The root cause component, the exact root cause occurrence time, and the underlying reason are currently unknown. You are tasked with identifying the root cause component, the root cause occurrence datetime, and the root cause reason.","The only predicted root cause component is Tomcat01
",2021-03-12 04:00:00,2021-03-12 04:30:00
task_7,"During the specified time range of March 12, 2021, from 14:00 to 14:30, the system experienced one failure. The root cause component, the exact root cause occurrence time, and the underlying reason are currently unknown. You are tasked with identifying the root cause component, the root cause occurrence datetime, and the root cause reason.","The only root cause occurrence time is within 1 minutes (i.e., <=1min) of 2021-03-12 14:03:00
The only predicted root cause component is MG02
The only predicted root cause reason is network packet loss
",2021-03-12 06:00:00,2021-03-12 06:30:00
task_2,"During the specified time range of March 12, 2021, from 15:30 to 16:00, there was one failure. The root cause component, the exact root cause occurrence time, and the underlying reason are currently unknown. You are tasked with identifying the root cause component, the root cause occurrence datetime, and the root cause reason.","The only predicted root cause reason is network packet loss
",2021-03-12 07:30:00,2021-03-12 08:00:00
task_7,"There were two failures reported within the time range of March 12, 2021, from 16:00 to 16:30. For each failure, the root cause component, the exact root cause occurrence time, and the underlying reason are currently unknown. You are tasked with identifying, for EACH failure, the root cause component, the root cause occurrence datetime, and the root cause reason.","The 1-th root cause occurrence time is within 1 minutes (i.e., <=1min) of 2021-03-12 16:26:00
The 1-th predicted root cause component is apache02
The 1-th predicted root cause reason is network packet loss
The 2-th root cause occurrence time is within 1 minutes (i.e., <=1min) of 2021-03-12 16:15:00
The 2-th predicted root cause component is IG02
The 2-th predicted root cause reason is high disk I/O read usage
",2021-03-12 08:00:00,2021-03-12 08:30:00
task_5,"There was one failure reported within the time range of March 12, 2021, from 22:30 to 23:00. The root cause component, the exact root cause occurrence time, and the underlying reason are currently unknown. You are tasked with identifying the root cause component, the root cause occurrence datetime, and the root cause reason.","The only root cause occurrence time is within 1 minutes (i.e., <=1min) of 2021-03-12 22:35:00
The only predicted root cause component is Tomcat03
",2021-03-12 14:30:00,2021-03-12 15:00:00
task_1,"During the specified time range of March 12, 2021, from 23:30 to 00:00, there was a system failure. The root cause component, the exact root cause occurrence time, and the underlying reason are currently unknown. You are tasked with identifying the root cause component, the root cause occurrence datetime, and the root cause reason.","The only root cause occurrence time is within 1 minutes (i.e., <=1min) of 2021-03-12 23:33:00
",2021-03-12 15:30:00,2021-03-12 16:00:00
task_5,"During the specified time range of March 23, 2021, from 06:30 to 07:00, there was a single failure in the system. The root cause component, the exact root cause occurrence time, and the underlying reason are currently unknown. You are tasked with identifying the root cause component, the root cause occurrence datetime, and the root cause reason.","The only root cause occurrence time is within 1 minutes (i.e., <=1min) of 2021-03-23 06:42:00
The only predicted root cause component is MG01
",2021-03-22 22:30:00,2021-03-22 23:00:00
task_3,"During the specified time range of March 23, 2021, from 14:00 to 14:30, there was one identified failure. The root cause component, the exact root cause occurrence time, and the underlying reason are currently unknown. You are tasked with identifying the root cause component, the root cause occurrence datetime, and the root cause reason.","The only predicted root cause component is Tomcat04
",2021-03-23 06:00:00,2021-03-23 06:30:00
task_4,"Within the time range of March 23, 2021, from 14:30 to 15:00, a system experienced a single failure. The root cause component, the exact root cause occurrence time, and the underlying reason are currently unknown. You are tasked with identifying the root cause component, the root cause occurrence datetime, and the root cause reason.","The only root cause occurrence time is within 1 minutes (i.e., <=1min) of 2021-03-23 14:50:00
The only predicted root cause reason is network packet loss
",2021-03-23 06:30:00,2021-03-23 07:00:00
task_1,"There was one failure recorded within the time range of March 23, 2021, from 16:30 to 17:00. The root cause component, the exact root cause occurrence time, and the underlying reason are currently unknown. You are tasked with identifying the root cause component, the root cause occurrence datetime, and the root cause reason.","The only root cause occurrence time is within 1 minutes (i.e., <=1min) of 2021-03-23 16:54:00
",2021-03-23 08:30:00,2021-03-23 09:00:00
task_1,"On March 23, 2021, between 17:30 and 18:00, there was one failure observed in the system. The root cause component, the exact root cause occurrence time, and the underlying reason are currently unknown. You are tasked with identifying the root cause component, the root cause occurrence datetime, and the root cause reason.","The only root cause occurrence time is within 1 minutes (i.e., <=1min) of 2021-03-23 17:42:00
",2021-03-23 09:30:00,2021-03-23 10:00:00
task_7,"Within the time range of March 23, 2021, from 18:00 to 18:30, there was a single failure reported. The root cause component, the exact root cause occurrence time, and the underlying reason are currently unknown. You are tasked with identifying the root cause component, the root cause occurrence datetime, and the root cause reason.","The only root cause occurrence time is within 1 minutes (i.e., <=1min) of 2021-03-23 18:03:00
The only predicted root cause component is MG01
The only predicted root cause reason is network latency
",2021-03-23 10:00:00,2021-03-23 10:30:00
task_7,"During the specified time range of March 23, 2021, from 21:00 to 21:30, there was one reported failure in the system. The root cause component, the exact root cause occurrence time, and the underlying reason are currently unknown. You are tasked with identifying the root cause component, the root cause occurrence datetime, and the root cause reason.","The only root cause occurrence time is within 1 minutes (i.e., <=1min) of 2021-03-23 21:07:00
The only predicted root cause component is Tomcat04
The only predicted root cause reason is network packet loss
",2021-03-23 13:00:00,2021-03-23 13:30:00
task_3,"During the time range of March 4, 2021, from 01:00 to 01:30, the system experienced a single failure. The root cause component, the exact root cause occurrence time, and the underlying reason are currently unknown. You are tasked with identifying the root cause component, the root cause occurrence datetime, and the root cause reason.","The only predicted root cause component is MG02
",2021-03-03 17:00:00,2021-03-03 17:30:00
task_2,"During the specified time range of March 4, 2021, from 13:30 to 14:00, there was a single failure. The root cause component, the exact root cause occurrence time, and the underlying reason are currently unknown. You are tasked with identifying the root cause component, the root cause occurrence datetime, and the root cause reason.","The only predicted root cause reason is high JVM CPU load
",2021-03-04 05:30:00,2021-03-04 06:00:00
task_1,"Within the time range of March 4, 2021, from 21:00 to 21:30, there was a single failure in the system. The root cause component, the exact root cause occurrence time, and the underlying reason are currently unknown. You are tasked with identifying the root cause component, the root cause occurrence datetime, and the root cause reason.","The only root cause occurrence time is within 1 minutes (i.e., <=1min) of 2021-03-04 21:06:00
",2021-03-04 13:00:00,2021-03-04 13:30:00
task_2,"During the specified time range of March 4, 2021, from 06:00 to 06:30, the system experienced a failure. The root cause component, the exact root cause occurrence time, and the underlying reason are currently unknown. You are tasked with identifying the root cause component, the root cause occurrence datetime, and the root cause reason.","The only predicted root cause reason is JVM Out of Memory (OOM) Heap
",2021-03-03 22:00:00,2021-03-03 22:30:00
task_5,"During the specified time range of March 4, 2021, from 19:30 to 20:00, there were two failures detected. For each failure, the root cause component, the exact root cause occurrence time, and the underlying reason are currently unknown. You are tasked with identifying, for EACH failure, the root cause component, the root cause occurrence datetime, and the root cause reason.","The 1-th root cause occurrence time is within 1 minutes (i.e., <=1min) of 2021-03-04 19:36:00
The 1-th predicted root cause component is MG02
The 2-th root cause occurrence time is within 1 minutes (i.e., <=1min) of 2021-03-04 19:49:00
The 2-th predicted root cause component is Tomcat03
",2021-03-04 11:30:00,2021-03-04 12:00:00
task_1,"Two failures were reported within the time range of March 4, 2021, from 22:00 to 22:30. For each failure, the root cause component, the exact root cause occurrence time, and the underlying reason are currently unknown. You are tasked with identifying, for EACH failure, the root cause component, the root cause occurrence datetime, and the root cause reason.","The 1-th root cause occurrence time is within 1 minutes (i.e., <=1min) of 2021-03-04 22:00:00
The 2-th root cause occurrence time is within 1 minutes (i.e., <=1min) of 2021-03-04 22:25:00
",2021-03-04 14:00:00,2021-03-04 14:30:00
task_1,"During the time range of March 4, 2021, from 22:00 to 22:30, there were two failures detected. For each failure, the root cause component, the exact root cause occurrence time, and the underlying reason are currently unknown. You are tasked with identifying, for EACH failure, the root cause component, the root cause occurrence datetime, and the root cause reason.","The 1-th root cause occurrence time is within 1 minutes (i.e., <=1min) of 2021-03-04 22:00:00
The 2-th root cause occurrence time is within 1 minutes (i.e., <=1min) of 2021-03-04 22:25:00
",2021-03-04 14:00:00,2021-03-04 14:30:00
task_6,"During the time range of March 4, 2021, from 19:30 to 20:00, there were two recorded failures in the system. For each failure, the root cause component, the exact root cause occurrence time, and the underlying reason are currently unknown. You are tasked with identifying, for EACH failure, the root cause component, the root cause occurrence datetime, and the root cause reason.","The 1-th predicted root cause component is MG02
The 1-th predicted root cause reason is JVM Out of Memory (OOM) Heap
The 2-th predicted root cause component is Tomcat03
The 2-th predicted root cause reason is high disk I/O read usage
",2021-03-04 11:30:00,2021-03-04 12:00:00
task_1,"During the time range of March 6, 2021, from 04:30 to 05:00, there was a single failure in the system. The root cause component, the exact root cause occurrence time, and the underlying reason are currently unknown. You are tasked with identifying the root cause component, the root cause occurrence datetime, and the root cause reason.","The only root cause occurrence time is within 1 minutes (i.e., <=1min) of 2021-03-06 04:56:00
",2021-03-05 20:30:00,2021-03-05 21:00:00
task_7,"During the specified time range of March 6, 2021, from 15:00 to 15:30, there was one recorded failure in the system. The root cause component, the exact root cause occurrence time, and the underlying reason are currently unknown. You are tasked with identifying the root cause component, the root cause occurrence datetime, and the root cause reason.","The only root cause occurrence time is within 1 minutes (i.e., <=1min) of 2021-03-06 15:19:00
The only predicted root cause component is IG02
The only predicted root cause reason is high disk space usage
",2021-03-06 07:00:00,2021-03-06 07:30:00
task_5,"During the specified time range of March 7, 2021, from 03:00 to 03:30, there was a single failure in the system. The root cause component, the exact root cause occurrence time, and the underlying reason are currently unknown. You are tasked with identifying the root cause component, the root cause occurrence datetime, and the root cause reason.","The only root cause occurrence time is within 1 minutes (i.e., <=1min) of 2021-03-07 03:21:00
The only predicted root cause component is Tomcat01
",2021-03-06 19:00:00,2021-03-06 19:30:00
task_7,"Between March 7, 2021, from 15:30 to 16:00, a single failure was detected. The root cause component, the exact root cause occurrence time, and the underlying reason are currently unknown. You are tasked with identifying the root cause component, the root cause occurrence datetime, and the root cause reason.","The only root cause occurrence time is within 1 minutes (i.e., <=1min) of 2021-03-07 15:41:00
The only predicted root cause component is Tomcat01
The only predicted root cause reason is high disk I/O read usage
",2021-03-07 07:30:00,2021-03-07 08:00:00
task_2,"During the specified time range of March 9, 2021, from 01:00 to 01:30, a failure occurred within the system. The root cause component, the exact root cause occurrence time, and the underlying reason are currently unknown. You are tasked with identifying the root cause component, the root cause occurrence datetime, and the root cause reason.","The only predicted root cause reason is high disk I/O read usage
",2021-03-08 17:00:00,2021-03-08 17:30:00
task_2,"In the time range of March 9, 2021, from 05:00 to 05:30, a failure was observed. The root cause component, the exact root cause occurrence time, and the underlying reason are currently unknown. You are tasked with identifying the root cause component, the root cause occurrence datetime, and the root cause reason.","The only predicted root cause reason is high disk space usage
",2021-03-08 21:00:00,2021-03-08 21:30:00
task_6,"During the time range of March 9, 2021, from 15:30 to 16:00, there was a failure in the system. The root cause component, the exact root cause occurrence time, and the underlying reason are currently unknown. You are tasked with identifying the root cause component, the root cause occurrence datetime, and the root cause reason.","The only predicted root cause component is Tomcat01
The only predicted root cause reason is high disk I/O read usage
",2021-03-09 07:30:00,2021-03-09 08:00:00
task_4,"There was a single failure in the specified time range of March 9, 2021, from 17:30 to 18:00. The root cause component, the exact root cause occurrence time, and the underlying reason are currently unknown. You are tasked with identifying the root cause component, the root cause occurrence datetime, and the root cause reason.","The only root cause occurrence time is within 1 minutes (i.e., <=1min) of 2021-03-09 17:39:00
The only predicted root cause reason is high disk space usage
",2021-03-09 09:30:00,2021-03-09 10:00:00
task_5,"During the specified time range of March 10, 2021, from 02:30 to 03:00, a failure occurred in the system. The root cause component, the exact root cause occurrence time, and the underlying reason are currently unknown. You are tasked with identifying the root cause component, the root cause occurrence datetime, and the root cause reason.","The only root cause occurrence time is within 1 minutes (i.e., <=1min) of 2021-03-10 02:44:00
The only predicted root cause component is Tomcat01
",2021-03-09 18:30:00,2021-03-09 19:00:00
task_2,"Within the time range of March 10, 2021, from 03:30 to 04:00, there was one failure detected in the system. The root cause component, the exact root cause occurrence time, and the underlying reason are currently unknown. You are tasked with identifying the root cause component, the root cause occurrence datetime, and the root cause reason.","The only predicted root cause reason is high disk space usage
",2021-03-09 19:30:00,2021-03-09 20:00:00
task_3,"During the specified time range of March 10, 2021, from 14:00 to 14:30, the system experienced a failure. The root cause component, the exact root cause occurrence time, and the underlying reason are currently unknown. You are tasked with identifying the root cause component, the root cause occurrence datetime, and the root cause reason.","The only predicted root cause component is Tomcat02
",2021-03-10 06:00:00,2021-03-10 06:30:00
task_5,"During the specified time range of March 10, 2021, from 15:30 to 16:00, there was one failure reported within the system. The root cause component, the exact root cause occurrence time, and the underlying reason are currently unknown. You are tasked with identifying the root cause component, the root cause occurrence datetime, and the root cause reason.","The only root cause occurrence time is within 1 minutes (i.e., <=1min) of 2021-03-10 15:43:00
The only predicted root cause component is apache02
",2021-03-10 07:30:00,2021-03-10 08:00:00
task_7,"During the specified time range of March 10, 2021, from 22:00 to 22:30, the system experienced two failures. For each failure, the root cause component, the exact root cause occurrence time, and the underlying reason are currently unknown. You are tasked with identifying, for EACH failure, the root cause component, the root cause occurrence datetime, and the root cause reason.","The 1-th root cause occurrence time is within 1 minutes (i.e., <=1min) of 2021-03-10 22:03:00
The 1-th predicted root cause component is IG02
The 1-th predicted root cause reason is high disk I/O read usage
The 2-th root cause occurrence time is within 1 minutes (i.e., <=1min) of 2021-03-10 22:19:00
The 2-th predicted root cause component is MG02
The 2-th predicted root cause reason is high disk I/O read usage
",2021-03-10 14:00:00,2021-03-10 14:30:00
task_5,"During the time range of March 10, 2021, from 22:00 to 22:30, two failures were recorded in the system. For each failure, the root cause component, the exact root cause occurrence time, and the underlying reason are currently unknown. You are tasked with identifying, for EACH failure, the root cause component, the root cause occurrence datetime, and the root cause reason.","The 1-th root cause occurrence time is within 1 minutes (i.e., <=1min) of 2021-03-10 22:03:00
The 1-th predicted root cause component is IG02
The 2-th root cause occurrence time is within 1 minutes (i.e., <=1min) of 2021-03-10 22:19:00
The 2-th predicted root cause component is MG02
",2021-03-10 14:00:00,2021-03-10 14:30:00
task_4,"During the specified time range of March 12, 2021, from 16:00 to 16:30, the system experienced two failures. For each failure, the root cause component, the exact root cause occurrence time, and the underlying reason are currently unknown. You are tasked with identifying, for EACH failure, the root cause component, the root cause occurrence datetime, and the root cause reason.","The 1-th root cause occurrence time is within 1 minutes (i.e., <=1min) of 2021-03-12 16:26:00
The 1-th predicted root cause reason is network packet loss
The 2-th root cause occurrence time is within 1 minutes (i.e., <=1min) of 2021-03-12 16:15:00
The 2-th predicted root cause reason is high disk I/O read usage
",2021-03-12 08:00:00,2021-03-12 08:30:00
task_2,"There was a single failure within the time range of March 4, 2021, from 07:00 to 07:30. The root cause component, the exact root cause occurrence time, and the underlying reason are currently unknown. You are tasked with identifying the root cause component, the root cause occurrence datetime, and the root cause reason.","The only predicted root cause reason is high CPU usage
",2021-03-03 23:00:00,2021-03-03 23:30:00
task_5,"During the specified time range of March 4, 2021, from 20:00 to 20:30, the system experienced one failure. The root cause component, the exact root cause occurrence time, and the underlying reason are currently unknown. You are tasked with identifying the root cause component, the root cause occurrence datetime, and the root cause reason.","The only root cause occurrence time is within 1 minutes (i.e., <=1min) of 2021-03-04 20:14:00
The only predicted root cause component is Redis02
",2021-03-04 12:00:00,2021-03-04 12:30:00
task_7,"Within the time range of March 6, 2021, from 02:00 to 02:30, a single failure occurred in the system. The root cause component, the exact root cause occurrence time, and the underlying reason are currently unknown. You are tasked with identifying the root cause component, the root cause occurrence datetime, and the root cause reason.","The only root cause occurrence time is within 1 minutes (i.e., <=1min) of 2021-03-06 02:00:00
The only predicted root cause component is Mysql01
The only predicted root cause reason is high CPU usage
",2021-03-05 18:00:00,2021-03-05 18:30:00
task_6,"On March 6, 2021, between 03:30 and 04:00, the system experienced a single failure. The root cause component, the exact root cause occurrence time, and the underlying reason are currently unknown. You are tasked with identifying the root cause component, the root cause occurrence datetime, and the root cause reason.","The only predicted root cause component is IG01
The only predicted root cause reason is high CPU usage
",2021-03-05 19:30:00,2021-03-05 20:00:00
task_6,"On March 6, 2021, between 20:30 and 21:00, a failure was observed in the system. The root cause component, the exact root cause occurrence time, and the underlying reason are currently unknown. You are tasked with identifying the root cause component, the root cause occurrence datetime, and the root cause reason.","The only predicted root cause component is Tomcat04
The only predicted root cause reason is high CPU usage
",2021-03-06 12:30:00,2021-03-06 13:00:00
task_2,"During the specified time range of March 7, 2021, from 01:30 to 02:00, the system experienced a failure. The root cause component, the exact root cause occurrence time, and the underlying reason are currently unknown. You are tasked with identifying the root cause component, the root cause occurrence datetime, and the root cause reason.","The only predicted root cause reason is high CPU usage
",2021-03-06 17:30:00,2021-03-06 18:00:00
task_4,"On March 7, 2021, within the time range from 06:30 to 07:00, a failure was detected. The root cause component, the exact root cause occurrence time, and the underlying reason are currently unknown. You are tasked with identifying the root cause component, the root cause occurrence datetime, and the root cause reason.","The only root cause occurrence time is within 1 minutes (i.e., <=1min) of 2021-03-07 06:35:00
The only predicted root cause reason is high CPU usage
",2021-03-06 22:30:00,2021-03-06 23:00:00
task_6,"Within the time range of March 7, 2021, from 08:00 to 08:30, there was one reported failure in the system. The root cause component, the exact root cause occurrence time, and the underlying reason are currently unknown. You are tasked with identifying the root cause component, the root cause occurrence datetime, and the root cause reason.","The only predicted root cause component is Tomcat03
The only predicted root cause reason is high CPU usage
",2021-03-07 00:00:00,2021-03-07 00:30:00
task_6,"During the specified time range of March 7, 2021, from 11:00 to 11:30, a failure was detected in the system. The root cause component, the exact root cause occurrence time, and the underlying reason are currently unknown. You are tasked with identifying the root cause component, the root cause occurrence datetime, and the root cause reason.","The only predicted root cause component is IG02
The only predicted root cause reason is high CPU usage
",2021-03-07 03:00:00,2021-03-07 03:30:00
task_3,"During the time range of March 7, 2021, from 13:00 to 13:30, there was a single failure in the system. The root cause component, the exact root cause occurrence time, and the underlying reason are currently unknown. You are tasked with identifying the root cause component, the root cause occurrence datetime, and the root cause reason.","The only predicted root cause component is IG01
",2021-03-07 05:00:00,2021-03-07 05:30:00
task_4,"During the specified time range of March 7, 2021, from 17:30 to 18:00, the system experienced a failure. The root cause component, the exact root cause occurrence time, and the underlying reason are currently unknown. You are tasked with identifying the root cause component, the root cause occurrence datetime, and the root cause reason.","The only root cause occurrence time is within 1 minutes (i.e., <=1min) of 2021-03-07 17:52:00
The only predicted root cause reason is high CPU usage
",2021-03-07 09:30:00,2021-03-07 10:00:00
task_5,"Within the specified time range of March 9, 2021, from 09:30 to 10:00, there was one failure detected. The root cause component, the exact root cause occurrence time, and the underlying reason are currently unknown. You are tasked with identifying the root cause component, the root cause occurrence datetime, and the root cause reason.","The only root cause occurrence time is within 1 minutes (i.e., <=1min) of 2021-03-09 09:57:00
The only predicted root cause component is Tomcat04
",2021-03-09 01:30:00,2021-03-09 02:00:00
task_4,"During the time range of March 9, 2021, from 14:30 to 15:00, there was one failure detected. The root cause component, the exact root cause occurrence time, and the underlying reason are currently unknown. You are tasked with identifying the root cause component, the root cause occurrence datetime, and the root cause reason.","The only root cause occurrence time is within 1 minutes (i.e., <=1min) of 2021-03-09 14:42:00
The only predicted root cause reason is high CPU usage
",2021-03-09 06:30:00,2021-03-09 07:00:00
task_1,"During the specified time range of March 9, 2021, from 18:00 to 18:30, a failure was detected within the system. The root cause component, the exact root cause occurrence time, and the underlying reason are currently unknown. You are tasked with identifying the root cause component, the root cause occurrence datetime, and the root cause reason.","The only root cause occurrence time is within 1 minutes (i.e., <=1min) of 2021-03-09 18:08:00
",2021-03-09 10:00:00,2021-03-09 10:30:00
task_2,"On March 9, 2021, between 19:30 and 20:00, a single failure was reported within the system. The root cause component, the exact root cause occurrence time, and the underlying reason are currently unknown. You are tasked with identifying the root cause component, the root cause occurrence datetime, and the root cause reason.","The only predicted root cause reason is high CPU usage
",2021-03-09 11:30:00,2021-03-09 12:00:00
task_2,"Within the specified time range of March 9, 2021, from 22:30 to 23:00, a single failure was detected in the system. The root cause component, the exact root cause occurrence time, and the underlying reason are currently unknown. You are tasked with identifying the root cause component, the root cause occurrence datetime, and the root cause reason.","The only predicted root cause reason is high CPU usage
",2021-03-09 14:30:00,2021-03-09 15:00:00
task_1,"During the time range of March 10, 2021, from 00:00 to 00:30, there was one failure detected in the system. The root cause component, the exact root cause occurrence time, and the underlying reason are currently unknown. You are tasked with identifying the root cause component, the root cause occurrence datetime, and the root cause reason.","The only root cause occurrence time is within 1 minutes (i.e., <=1min) of 2021-03-10 00:19:00
",2021-03-09 16:00:00,2021-03-09 16:30:00
task_3,"On March 10, 2021, between the time range of 04:30 to 05:00, the system experienced one failure. The root cause component, the exact root cause occurrence time, and the underlying reason are currently unknown. You are tasked with identifying the root cause component, the root cause occurrence datetime, and the root cause reason.","The only predicted root cause component is Tomcat01
",2021-03-09 20:30:00,2021-03-09 21:00:00
task_1,"During the time range of March 10, 2021, from 08:30 to 09:00, there was a reported failure. The root cause component, the exact root cause occurrence time, and the underlying reason are currently unknown. You are tasked with identifying the root cause component, the root cause occurrence datetime, and the root cause reason.","The only root cause occurrence time is within 1 minutes (i.e., <=1min) of 2021-03-10 08:30:00
",2021-03-10 00:30:00,2021-03-10 01:00:00
task_5,"Between March 12, 2021, from 10:00 to 10:30, the system experienced two failures. For each failure, the root cause component, the exact root cause occurrence time, and the underlying reason are currently unknown. You are tasked with identifying, for EACH failure, the root cause component, the root cause occurrence datetime, and the root cause reason.","The 1-th root cause occurrence time is within 1 minutes (i.e., <=1min) of 2021-03-12 10:24:00
The 1-th predicted root cause component is IG02
The 2-th root cause occurrence time is within 1 minutes (i.e., <=1min) of 2021-03-12 10:12:00
The 2-th predicted root cause component is Mysql01
",2021-03-12 02:00:00,2021-03-12 02:30:00
task_5,"During the specified time range of March 12, 2021, from 15:00 to 15:30, the system encountered a failure. The root cause component, the exact root cause occurrence time, and the underlying reason are currently unknown. You are tasked with identifying the root cause component, the root cause occurrence datetime, and the root cause reason.","The only root cause occurrence time is within 1 minutes (i.e., <=1min) of 2021-03-12 15:10:00
The only predicted root cause component is MG01
",2021-03-12 07:00:00,2021-03-12 07:30:00
task_2,"Within the time range of March 12, 2021, from 17:00 to 17:30, a single failure was observed. The root cause component, the exact root cause occurrence time, and the underlying reason are currently unknown. You are tasked with identifying the root cause component, the root cause occurrence datetime, and the root cause reason.","The only predicted root cause reason is high CPU usage
",2021-03-12 09:00:00,2021-03-12 09:30:00
task_5,"On March 12, 2021, between 20:30 and 21:00, the system experienced a failure. The root cause component, the exact root cause occurrence time, and the underlying reason are currently unknown. You are tasked with identifying the root cause component, the root cause occurrence datetime, and the root cause reason.","The only root cause occurrence time is within 1 minutes (i.e., <=1min) of 2021-03-12 20:46:00
The only predicted root cause component is Redis01
",2021-03-12 12:30:00,2021-03-12 13:00:00
task_2,"Within the time range of March 7, 2021, from 12:30 to 13:00, the system experienced one failure. The root cause component, the exact root cause occurrence time, and the underlying reason are currently unknown. You are tasked with identifying the root cause component, the root cause occurrence datetime, and the root cause reason.","The only predicted root cause reason is high memory usage
",2021-03-07 04:30:00,2021-03-07 05:00:00
task_1,"During the specified time range of March 9, 2021, from 23:30 to March 10, 2021, 00:00, there was a single failure in the system. The root cause component, the exact root cause occurrence time, and the underlying reason are currently unknown. You are tasked with identifying the root cause component, the root cause occurrence datetime, and the root cause reason.","The only root cause occurrence time is within 1 minutes (i.e., <=1min) of 2021-03-09 23:53:00
",2021-03-09 15:30:00,2021-03-09 16:00:00
task_1,"During the specified time range of March 12, 2021, from 10:00 to 10:30, there were two failures reported. For each failure, the root cause component, the exact root cause occurrence time, and the underlying reason are currently unknown. You are tasked with identifying, for EACH failure, the root cause component, the root cause occurrence datetime, and the root cause reason.","The 1-th root cause occurrence time is within 1 minutes (i.e., <=1min) of 2021-03-12 10:24:00
The 2-th root cause occurrence time is within 1 minutes (i.e., <=1min) of 2021-03-12 10:12:00
",2021-03-12 02:00:00,2021-03-12 02:30:00
task_1,"During the time range of March 23, 2021, from 02:30 to 03:00, a single failure event was recorded. The root cause component, the exact root cause occurrence time, and the underlying reason are currently unknown. You are tasked with identifying the root cause component, the root cause occurrence datetime, and the root cause reason.","The only root cause occurrence time is within 1 minutes (i.e., <=1min) of 2021-03-23 02:36:00
",2021-03-22 18:30:00,2021-03-22 19:00:00
task_1,"During the specified time range of March 23, 2021, from 23:00 to 23:30, a system experienced a single failure. The root cause component, the exact root cause occurrence time, and the underlying reason are currently unknown. You are tasked with identifying the root cause component, the root cause occurrence datetime, and the root cause reason.","The only root cause occurrence time is within 1 minutes (i.e., <=1min) of 2021-03-23 23:04:00
",2021-03-23 15:00:00,2021-03-23 15:30:00
task_7,"The system experienced a single failure within the time range of March 24, 2021, from 11:00 to 11:30. The root cause component, the exact root cause occurrence time, and the underlying reason are currently unknown. You are tasked with identifying the root cause component, the root cause occurrence datetime, and the root cause reason.","The only root cause occurrence time is within 1 minutes (i.e., <=1min) of 2021-03-24 11:08:00
The only predicted root cause component is Tomcat03
The only predicted root cause reason is network packet loss
",2021-03-24 03:00:00,2021-03-24 03:30:00
task_3,"During the 30-minute time range of March 24, 2021, from 11:30 to 12:00, a failure occurred in the system. The root cause component, the exact root cause occurrence time, and the underlying reason are currently unknown. You are tasked with identifying the root cause component, the root cause occurrence datetime, and the root cause reason.","The only predicted root cause component is Tomcat01
",2021-03-24 03:30:00,2021-03-24 04:00:00
task_2,"During the specified time range of March 24, 2021, from 14:30 to 15:00, there was a single failure noted in the system. The root cause component, the exact root cause occurrence time, and the underlying reason are currently unknown. You are tasked with identifying the root cause component, the root cause occurrence datetime, and the root cause reason.","The only predicted root cause reason is network latency
",2021-03-24 06:30:00,2021-03-24 07:00:00
task_3,"During the specified time range of March 24, 2021, from 15:00 to 15:30, there was a single failure in the system. The root cause component, the exact root cause occurrence time, and the underlying reason are currently unknown. You are tasked with identifying the root cause component, the root cause occurrence datetime, and the root cause reason.","The only predicted root cause component is MG01
",2021-03-24 07:00:00,2021-03-24 07:30:00
task_6,"During the time range of March 24, 2021, from 19:00 to 19:30, there was one reported failure in the system. The root cause component, the exact root cause occurrence time, and the underlying reason are currently unknown. You are tasked with identifying the root cause component, the root cause occurrence datetime, and the root cause reason.","The only predicted root cause component is MG01
The only predicted root cause reason is network latency
",2021-03-24 11:00:00,2021-03-24 11:30:00
task_4,"A single failure occurred within the specified time range of March 24, 2021, from 19:30 to 20:00. The root cause component, the exact root cause occurrence time, and the underlying reason are currently unknown. You are tasked with identifying the root cause component, the root cause occurrence datetime, and the root cause reason.","The only root cause occurrence time is within 1 minutes (i.e., <=1min) of 2021-03-24 19:50:00
The only predicted root cause reason is network latency
",2021-03-24 11:30:00,2021-03-24 12:00:00
task_2,"During the time range of March 24, 2021, from 20:30 to 21:00, the system experienced one failure. The root cause component, the exact root cause occurrence time, and the underlying reason are currently unknown. You are tasked with identifying the root cause component, the root cause occurrence datetime, and the root cause reason.","The only predicted root cause reason is network packet loss
",2021-03-24 12:30:00,2021-03-24 13:00:00
task_5,"On March 25, 2021, during the time range from 00:00 to 00:30, there were two failures detected in the system. For each failure, the root cause component, the exact root cause occurrence time, and the underlying reason are currently unknown. You are tasked with identifying, for EACH failure, the root cause component, the root cause occurrence datetime, and the root cause reason.","The 1-th root cause occurrence time is within 1 minutes (i.e., <=1min) of 2021-03-25 00:07:00
The 1-th predicted root cause component is MG02
The 2-th root cause occurrence time is within 1 minutes (i.e., <=1min) of 2021-03-25 00:19:00
The 2-th predicted root cause component is apache01
",2021-03-24 16:00:00,2021-03-24 16:30:00
task_2,"During the specified time range of March 25, 2021, from 07:30 to 08:00, the system experienced a failure. The root cause component, the exact root cause occurrence time, and the underlying reason are currently unknown. You are tasked with identifying the root cause component, the root cause occurrence datetime, and the root cause reason.","The only predicted root cause reason is network packet loss
",2021-03-24 23:30:00,2021-03-25 00:00:00
task_6,"During the time range of March 25, 2021, from 14:30 to 15:00, one failure occurred in the system. The root cause component, the exact root cause occurrence time, and the underlying reason are currently unknown. You are tasked with identifying the root cause component, the root cause occurrence datetime, and the root cause reason.","The only predicted root cause component is Tomcat03
The only predicted root cause reason is network latency
",2021-03-25 06:30:00,2021-03-25 07:00:00
task_4,"During the time range of March 25, 2021, from 17:00 to 17:30, there was one reported failure. The root cause component, the exact root cause occurrence time, and the underlying reason are currently unknown. You are tasked with identifying the root cause component, the root cause occurrence datetime, and the root cause reason.","The only root cause occurrence time is within 1 minutes (i.e., <=1min) of 2021-03-25 17:22:00
The only predicted root cause reason is network packet loss
",2021-03-25 09:00:00,2021-03-25 09:30:00
task_2,"During the time range of March 25, 2021, from 18:00 to 18:30, a single failure occurred within the system. The root cause component, the exact root cause occurrence time, and the underlying reason are currently unknown. You are tasked with identifying the root cause component, the root cause occurrence datetime, and the root cause reason.","The only predicted root cause reason is network latency
",2021-03-25 10:00:00,2021-03-25 10:30:00
task_7,"Within the time range of March 25, 2021, from 19:00 to 19:30, there were two failures reported. For each failure, the root cause component, the exact root cause occurrence time, and the underlying reason are currently unknown. You are tasked with identifying, for EACH failure, the root cause component, the root cause occurrence datetime, and the root cause reason.","The 1-th root cause occurrence time is within 1 minutes (i.e., <=1min) of 2021-03-25 19:15:00
The 1-th predicted root cause component is Tomcat04
The 1-th predicted root cause reason is network packet loss
The 2-th root cause occurrence time is within 1 minutes (i.e., <=1min) of 2021-03-25 19:00:00
The 2-th predicted root cause component is IG02
The 2-th predicted root cause reason is high CPU usage
",2021-03-25 11:00:00,2021-03-25 11:30:00
task_4,"During the specified time range of March 25, 2021, from 20:00 to 20:30, a failure occurred within the system. The root cause component, the exact root cause occurrence time, and the underlying reason are currently unknown. You are tasked with identifying the root cause component, the root cause occurrence datetime, and the root cause reason.","The only root cause occurrence time is within 1 minutes (i.e., <=1min) of 2021-03-25 20:25:00
The only predicted root cause reason is network latency
",2021-03-25 12:00:00,2021-03-25 12:30:00
task_7,"During the specified time range of March 25, 2021, from 20:30 to 21:00, there was a failure in the system. The root cause component, the exact root cause occurrence time, and the underlying reason are currently unknown. You are tasked with identifying the root cause component, the root cause occurrence datetime, and the root cause reason.","The only root cause occurrence time is within 1 minutes (i.e., <=1min) of 2021-03-25 20:50:00
The only predicted root cause component is apache01
The only predicted root cause reason is network packet loss
",2021-03-25 12:30:00,2021-03-25 13:00:00
task_4,"During the time range of March 25, 2021, from 22:00 to 22:30, a single failure occurred within the system. The root cause component, the exact root cause occurrence time, and the underlying reason are currently unknown. You are tasked with identifying the root cause component, the root cause occurrence datetime, and the root cause reason.","The only root cause occurrence time is within 1 minutes (i.e., <=1min) of 2021-03-25 22:01:00
The only predicted root cause reason is network packet loss
",2021-03-25 14:00:00,2021-03-25 14:30:00
task_2,"During the time range of March 7, 2021, from 03:30 to 04:00, a failure occurred. The root cause component, the exact root cause occurrence time, and the underlying reason are currently unknown. You are tasked with identifying the root cause component, the root cause occurrence datetime, and the root cause reason.","The only predicted root cause reason is JVM Out of Memory (OOM) Heap
",2021-03-06 19:30:00,2021-03-06 20:00:00
task_1,"During the specified time range of March 9, 2021, from 16:00 to 16:30, the system experienced a single failure. The root cause component, the exact root cause occurrence time, and the underlying reason are currently unknown. You are tasked with identifying the root cause component, the root cause occurrence datetime, and the root cause reason.","The only root cause occurrence time is within 1 minutes (i.e., <=1min) of 2021-03-09 16:23:00
",2021-03-09 08:00:00,2021-03-09 08:30:00
task_1,"During the specified time range of March 10, 2021, from 17:30 to 18:00, there was a single failure observed. The root cause component, the exact root cause occurrence time, and the underlying reason are currently unknown. You are tasked with identifying the root cause component, the root cause occurrence datetime, and the root cause reason.","The only root cause occurrence time is within 1 minutes (i.e., <=1min) of 2021-03-10 17:51:00
",2021-03-10 09:30:00,2021-03-10 10:00:00
task_6,"During the specified time range of March 23, 2021, from 01:00 to 01:30, the system experienced one failure. The root cause component, the exact root cause occurrence time, and the underlying reason are currently unknown. You are tasked with identifying the root cause component, the root cause occurrence datetime, and the root cause reason.","The only predicted root cause component is MG01
The only predicted root cause reason is high disk I/O read usage
",2021-03-22 17:00:00,2021-03-22 17:30:00
task_4,"During the specified time range of March 23, 2021, from 01:30 to 02:00, there was a single failure observed in the system. The root cause component, the exact root cause occurrence time, and the underlying reason are currently unknown. You are tasked with identifying the root cause component, the root cause occurrence datetime, and the root cause reason.","The only root cause occurrence time is within 1 minutes (i.e., <=1min) of 2021-03-23 01:47:00
The only predicted root cause reason is high disk I/O read usage
",2021-03-22 17:30:00,2021-03-22 18:00:00
task_3,"Within the specified time range of March 23, 2021, from 15:00 to 15:30, the system experienced a single failure. The root cause component, the exact root cause occurrence time, and the underlying reason are currently unknown. You are tasked with identifying the root cause component, the root cause occurrence datetime, and the root cause reason.","The only predicted root cause component is Tomcat02
",2021-03-23 07:00:00,2021-03-23 07:30:00
task_4,"Within the time range of March 24, 2021, from 12:30 to 13:00, a single failure occurred. The root cause component, the exact root cause occurrence time, and the underlying reason are currently unknown. You are tasked with identifying the root cause component, the root cause occurrence datetime, and the root cause reason.","The only root cause occurrence time is within 1 minutes (i.e., <=1min) of 2021-03-24 12:36:00
The only predicted root cause reason is high disk I/O read usage
",2021-03-24 04:30:00,2021-03-24 05:00:00
task_4,"Within the specified time range of March 24, 2021, from 14:00 to 14:30, there was one failure reported. The root cause component, the exact root cause occurrence time, and the underlying reason are currently unknown. You are tasked with identifying the root cause component, the root cause occurrence datetime, and the root cause reason.","The only root cause occurrence time is within 1 minutes (i.e., <=1min) of 2021-03-24 14:05:00
The only predicted root cause reason is high disk space usage
",2021-03-24 06:00:00,2021-03-24 06:30:00
task_4,"Two failures were detected within the time range of March 25, 2021, from 00:00 to 00:30. For each failure, the root cause component, the exact root cause occurrence time, and the underlying reason are currently unknown. You are tasked with identifying, for EACH failure, the root cause component, the root cause occurrence datetime, and the root cause reason.","The 1-th root cause occurrence time is within 1 minutes (i.e., <=1min) of 2021-03-25 00:07:00
The 1-th predicted root cause reason is network latency
The 2-th root cause occurrence time is within 1 minutes (i.e., <=1min) of 2021-03-25 00:19:00
The 2-th predicted root cause reason is high disk I/O read usage
",2021-03-24 16:00:00,2021-03-24 16:30:00
task_1,"During the specified time range of March 25, 2021, from 02:30 to 03:00, there was one recorded failure within the system. The root cause component, the exact root cause occurrence time, and the underlying reason are currently unknown. You are tasked with identifying the root cause component, the root cause occurrence datetime, and the root cause reason.","The only root cause occurrence time is within 1 minutes (i.e., <=1min) of 2021-03-25 02:43:00
",2021-03-24 18:30:00,2021-03-24 19:00:00
task_6,"On March 25, 2021, between 09:00 and 09:30, there was a single failure observed in the system. The root cause component, the exact root cause occurrence time, and the underlying reason are currently unknown. You are tasked with identifying the root cause component, the root cause occurrence datetime, and the root cause reason.","The only predicted root cause component is Tomcat01
The only predicted root cause reason is high disk I/O read usage
",2021-03-25 01:00:00,2021-03-25 01:30:00
task_6,"On March 23, 2021, during the time range of 00:00 to 00:30, there was a recorded failure within the system. The root cause component, the exact root cause occurrence time, and the underlying reason are currently unknown. You are tasked with identifying the root cause component, the root cause occurrence datetime, and the root cause reason.","The only predicted root cause component is Tomcat03
The only predicted root cause reason is high CPU usage
",2021-03-22 16:00:00,2021-03-22 16:30:00
task_6,"On March 23, 2021, between 18:30 and 19:00, the system experienced a single failure. The root cause component, the exact root cause occurrence time, and the underlying reason are currently unknown. You are tasked with identifying the root cause component, the root cause occurrence datetime, and the root cause reason.","The only predicted root cause component is Tomcat03
The only predicted root cause reason is high CPU usage
",2021-03-23 10:30:00,2021-03-23 11:00:00
task_1,"During the time range of March 24, 2021, from 16:30 to 17:00, one failure occurred in the system. The root cause component, the exact root cause occurrence time, and the underlying reason are currently unknown. You are tasked with identifying the root cause component, the root cause occurrence datetime, and the root cause reason.","The only root cause occurrence time is within 1 minutes (i.e., <=1min) of 2021-03-24 16:47:00
",2021-03-24 08:30:00,2021-03-24 09:00:00
task_1,"During the specified time range of March 25, 2021, from 06:30 to 07:00, a failure was detected in the system. The root cause component, the exact root cause occurrence time, and the underlying reason are currently unknown. You are tasked with identifying the root cause component, the root cause occurrence datetime, and the root cause reason.","The only root cause occurrence time is within 1 minutes (i.e., <=1min) of 2021-03-25 06:40:00
",2021-03-24 22:30:00,2021-03-24 23:00:00
task_4,"During the specified time range of March 25, 2021, from 09:30 to 10:00, the system experienced one failure. The root cause component, the exact root cause occurrence time, and the underlying reason are currently unknown. You are tasked with identifying the root cause component, the root cause occurrence datetime, and the root cause reason.","The only root cause occurrence time is within 1 minutes (i.e., <=1min) of 2021-03-25 09:38:00
The only predicted root cause reason is high CPU usage
",2021-03-25 01:30:00,2021-03-25 02:00:00
task_6,"During the time range of March 25, 2021, from 11:30 to 12:00, a failure occurred, but the exact component responsible for the failure and the underlying reason is currently unknown. The root cause component, the exact root cause occurrence time, and the underlying reason are currently unknown. You are tasked with identifying the root cause component, the root cause occurrence datetime, and the root cause reason.","The only predicted root cause component is Mysql02
The only predicted root cause reason is high CPU usage
",2021-03-25 03:30:00,2021-03-25 04:00:00
task_3,"During the specified time range of March 25, 2021, from 15:30 to 16:00, the system experienced one failure. The root cause component, the exact root cause occurrence time, and the underlying reason are currently unknown. You are tasked with identifying the root cause component, the root cause occurrence datetime, and the root cause reason.","The only predicted root cause component is Mysql02
",2021-03-25 07:30:00,2021-03-25 08:00:00
task_7,"During the specified time range of March 25, 2021, from 19:00 to 19:30, two failures were detected in the system. For each failure, the root cause component, the exact root cause occurrence time, and the underlying reason are currently unknown. You are tasked with identifying, for EACH failure, the root cause component, the root cause occurrence datetime, and the root cause reason.","The 1-th root cause occurrence time is within 1 minutes (i.e., <=1min) of 2021-03-25 19:15:00
The 1-th predicted root cause component is Tomcat04
The 1-th predicted root cause reason is network packet loss
The 2-th root cause occurrence time is within 1 minutes (i.e., <=1min) of 2021-03-25 19:00:00
The 2-th predicted root cause component is IG02
The 2-th predicted root cause reason is high CPU usage
",2021-03-25 11:00:00,2021-03-25 11:30:00
task_7,"A failure was reported within the time range of March 25, 2021, from 19:30 to 20:00. The root cause component, the exact root cause occurrence time, and the underlying reason are currently unknown. You are tasked with identifying the root cause component, the root cause occurrence datetime, and the root cause reason.","The only root cause occurrence time is within 1 minutes (i.e., <=1min) of 2021-03-25 19:40:00
The only predicted root cause component is Tomcat04
The only predicted root cause reason is high CPU usage
",2021-03-25 11:30:00,2021-03-25 12:00:00
task_1,"On March 25, 2021, between 23:00 and 23:30, a failure occurred. The root cause component, the exact root cause occurrence time, and the underlying reason are currently unknown. You are tasked with identifying the root cause component, the root cause occurrence datetime, and the root cause reason.","The only root cause occurrence time is within 1 minutes (i.e., <=1min) of 2021-03-25 23:16:00
",2021-03-25 15:00:00,2021-03-25 15:30:00
task_2,"During the time range of March 4, 2021, from 00:30 to 01:00, there was one failure reported. The root cause component, the exact root cause occurrence time, and the underlying reason are currently unknown. You are tasked with identifying the root cause component, the root cause occurrence datetime, and the root cause reason.","The only predicted root cause reason is high memory usage
",2021-03-03 16:30:00,2021-03-03 17:00:00
task_2,"On March 4, 2021, between 02:30 and 03:00, a failure was observed. The root cause component, the exact root cause occurrence time, and the underlying reason are currently unknown. You are tasked with identifying the root cause component, the root cause occurrence datetime, and the root cause reason.","The only predicted root cause reason is high memory usage
",2021-03-03 18:30:00,2021-03-03 19:00:00
task_4,"Within the time range of March 4, 2021, from 05:30 to 06:00, a failure was recorded. The root cause component, the exact root cause occurrence time, and the underlying reason are currently unknown. You are tasked with identifying the root cause component, the root cause occurrence datetime, and the root cause reason.","The only root cause occurrence time is within 1 minutes (i.e., <=1min) of 2021-03-04 05:31:00
The only predicted root cause reason is high memory usage
",2021-03-03 21:30:00,2021-03-03 22:00:00
