problem_number,row_id,sample_id,task_index,instruction,prediction,execution_time_sec,input_tokens,output_tokens,groundtruth,scoring_points,evaluation_mode,passed,failed,score,task_dir
0,0,0,task_1,"On March 4, 2021, within the time range of 14:30 to 15:00, a single failure was detected in the system. The root cause component, the exact root cause occurrence time, and the underlying reason are currently unknown. You are tasked with identifying the root cause component, the root cause occurrence datetime, and the root cause reason.","{
    ""1"": {
        ""root cause occurrence datetime"": ""2021-03-04 14:59:00"",
        ""root cause component"": ""Tomcat01"",
        ""root cause reason"": ""high CPU usage""
    }
}",539.179,114533,32904,answer 1: component=Mysql02; reason=high memory usage; datetime=2021-03-04 14:57:00,"The only root cause occurrence time is within 1 minutes (i.e., <=1min) of 2021-03-04 14:57:00
",reason,,2021-03-04 14:57:00,0.0,telemetry/openrca/openrca_bank/task_7-0
1,1,0,task_6,"On March 4, 2021, between 18:00 and 18:30, there was a single failure observed in the system. The root cause component, the exact root cause occurrence time, and the underlying reason are currently unknown. You are tasked with identifying the root cause component, the root cause occurrence datetime, and the root cause reason.","{
    ""1"": {
        ""root cause occurrence datetime"": ""2021-03-04 18:01:00"",
        ""root cause component"": ""Mysql01"",
        ""root cause reason"": ""high disk I/O read usage""
    }
}",516.191,113711,37732,answer 1: component=Redis02; reason=high memory usage; datetime=2021-03-04 18:09:00,"The only predicted root cause component is Redis02
The only predicted root cause reason is high memory usage
",reason,,"Redis02
high memory usage",0.0,telemetry/openrca/openrca_bank/task_7-1
2,2,0,task_6,"During the specified time range of March 6, 2021, from 06:00 to 06:30, there was a single failure in the system. The root cause component, the exact root cause occurrence time, and the underlying reason are currently unknown. You are tasked with identifying the root cause component, the root cause occurrence datetime, and the root cause reason.","{
    ""1"": {
        ""root cause occurrence datetime"": ""2021-03-06 06:15:00"",
        ""root cause component"": ""MG02"",
        ""root cause reason"": ""high disk I/O read usage""
    }
}",651.96,112539,37132,answer 1: component=Tomcat01; reason=high memory usage; datetime=2021-03-06 06:20:00,"The only predicted root cause component is Tomcat01
The only predicted root cause reason is high memory usage
",reason,,"high memory usage
Tomcat01",0.0,telemetry/openrca/openrca_bank/task_7-2
