problem_number,row_id,sample_id,task_index,instruction,prediction,framework_answer,execution_time_sec,input_tokens,output_tokens,groundtruth,scoring_points,evaluation_mode,passed,failed,score,task_dir
40,40,0,rcaeval_re2,Diagnose the incident. The incident window is 2024-01-20 09:28:19 to 2024-01-20 09:58:19 UTC. Use the available metrics and logs to identify the root-cause service/component and failure reason.,"{
    ""1"": {
        ""root cause occurrence datetime"": ""2024-01-20 09:31:00"",
        ""root cause component"": ""catalogue"",
        ""root cause reason"": ""socket error""
    }
}","{
    ""1"": {
        ""root cause occurrence datetime"": ""2024-01-20 09:31:00"",
        ""root cause component"": ""catalogue"",
        ""root cause reason"": ""socket error""
    }
}",498.199,104881,33639,answer 1: component=orders; reason=network latency; datetime=2024-01-20 09:43:19,"The only predicted root cause component is orders
The only predicted root cause reason is network latency",reason,,"orders
network latency",0.0,telemetry/rcaeval/re2-ss/0040
