problem_number,row_id,sample_id,task_index,instruction,prediction,execution_time_sec,input_tokens,output_tokens,groundtruth,scoring_points,evaluation_mode,passed,failed,score,task_dir,_source_file,_score,_passed,_failed
0,0,0,task_1,"On March 4, 2021, within the time range of 14:30 to 15:00, a single failure was detected in the system. The root cause component, the exact root cause occurrence time, and the underlying reason are currently unknown. You are tasked with identifying the root cause component, the root cause occurrence datetime, and the root cause reason.","{
    ""1"": {
        ""root cause occurrence datetime"": ""2021-03-04 14:59:00"",
        ""root cause component"": ""Tomcat01"",
        ""root cause reason"": ""high CPU usage""
    }
}",539.179,114533,32904,answer 1: component=Mysql02; reason=high memory usage; datetime=2021-03-04 14:57:00,"The only root cause occurrence time is within 1 minutes (i.e., <=1min) of 2021-03-04 14:57:00
",reason,,2021-03-04 14:57:00,0.0,telemetry/openrca/openrca_bank/task_7-0,outputs/result/Bank/agent-foa-openrca-smoke-gpt5mini-openai_gpt-5-mini.csv,0.0,,2021-03-04 14:57:00
1,1,0,task_6,"On March 4, 2021, between 18:00 and 18:30, there was a single failure observed in the system. The root cause component, the exact root cause occurrence time, and the underlying reason are currently unknown. You are tasked with identifying the root cause component, the root cause occurrence datetime, and the root cause reason.","{
    ""1"": {
        ""root cause occurrence datetime"": ""2021-03-04 18:01:00"",
        ""root cause component"": ""Mysql01"",
        ""root cause reason"": ""high disk I/O read usage""
    }
}",516.191,113711,37732,answer 1: component=Redis02; reason=high memory usage; datetime=2021-03-04 18:09:00,"The only predicted root cause component is Redis02
The only predicted root cause reason is high memory usage
",reason,,"Redis02
high memory usage",0.0,telemetry/openrca/openrca_bank/task_7-1,outputs/result/Bank/agent-foa-openrca-smoke-gpt5mini-openai_gpt-5-mini.csv,0.0,,Redis02; high memory usage
2,2,0,task_6,"During the specified time range of March 6, 2021, from 06:00 to 06:30, there was a single failure in the system. The root cause component, the exact root cause occurrence time, and the underlying reason are currently unknown. You are tasked with identifying the root cause component, the root cause occurrence datetime, and the root cause reason.","{
    ""1"": {
        ""root cause occurrence datetime"": ""2021-03-06 06:15:00"",
        ""root cause component"": ""MG02"",
        ""root cause reason"": ""high disk I/O read usage""
    }
}",651.96,112539,37132,answer 1: component=Tomcat01; reason=high memory usage; datetime=2021-03-06 06:20:00,"The only predicted root cause component is Tomcat01
The only predicted root cause reason is high memory usage
",reason,,"high memory usage
Tomcat01",0.0,telemetry/openrca/openrca_bank/task_7-2,outputs/result/Bank/agent-foa-openrca-smoke-gpt5mini-openai_gpt-5-mini.csv,0.0,,high memory usage; Tomcat01
3,3,0,task_1,"During the specified time range of March 4, 2021, from 19:00 to 19:30, the system experienced one failure. The root cause component, the exact root cause occurrence time, and the underlying reason are currently unknown. You are tasked with identifying the root cause component, the root cause occurrence datetime, and the root cause reason.","{
    ""1"": {
        ""root cause occurrence datetime"": ""2021-03-04 19:06:00"",
        ""root cause component"": ""apache01"",
        ""root cause reason"": ""high CPU usage""
    }
}",747.999,113863,38583,answer 1: component=Tomcat02; reason=network latency; datetime=2021-03-04 19:22:00,"The only root cause occurrence time is within 1 minutes (i.e., <=1min) of 2021-03-04 19:22:00
",reason,,2021-03-04 19:22:00,0.0,telemetry/openrca/openrca_bank/task_7-3,outputs/result/Bank/agent-foa-openrca-10-gpt5mini-openai_gpt-5-mini.csv,0.0,,2021-03-04 19:22:00
4,4,0,task_6,"A single failure occurred within the time range of March 6, 2021, from 00:30 to 01:00. The root cause component, the exact root cause occurrence time, and the underlying reason are currently unknown. You are tasked with identifying the root cause component, the root cause occurrence datetime, and the root cause reason.","{
    ""1"": {
        ""root cause occurrence datetime"": ""2021-03-06 00:55:00"",
        ""root cause component"": ""Tomcat01"",
        ""root cause reason"": ""high CPU usage""
    }
}",687.587,97356,34368,answer 1: component=Tomcat04; reason=network latency; datetime=2021-03-06 00:53:00,"The only predicted root cause component is Tomcat04
The only predicted root cause reason is network latency
",reason,,"Tomcat04
network latency",0.0,telemetry/openrca/openrca_bank/task_7-4,outputs/result/Bank/agent-foa-openrca-10-gpt5mini-openai_gpt-5-mini.csv,0.0,,Tomcat04; network latency
5,5,0,task_5,"On March 6, 2021, between 14:30 and 15:00, the system experienced a failure. The root cause component, the exact root cause occurrence time, and the underlying reason are currently unknown. You are tasked with identifying the root cause component, the root cause occurrence datetime, and the root cause reason.","{
    ""1"": {
        ""root cause occurrence datetime"": ""2021-03-06 14:30:00"",
        ""root cause component"": ""IG01"",
        ""root cause reason"": ""high CPU usage""
    }
}",658.862,114092,39663,answer 1: component=Tomcat03; reason=network latency; datetime=2021-03-06 14:46:00,"The only root cause occurrence time is within 1 minutes (i.e., <=1min) of 2021-03-06 14:46:00
The only predicted root cause component is Tomcat03
",reason,,"Tomcat03
2021-03-06 14:46:00",0.0,telemetry/openrca/openrca_bank/task_7-5,outputs/result/Bank/agent-foa-openrca-10-gpt5mini-openai_gpt-5-mini.csv,0.0,,Tomcat03; 2021-03-06 14:46:00
6,6,0,task_7,"On March 6, 2021, between 18:30 and 19:00, a failure occurred. The root cause component, the exact root cause occurrence time, and the underlying reason are currently unknown. You are tasked with identifying the root cause component, the root cause occurrence datetime, and the root cause reason.","{
    ""1"": {
        ""root cause occurrence datetime"": ""2021-03-06 18:31:00"",
        ""root cause component"": ""Tomcat02"",
        ""root cause reason"": ""high CPU usage""
    }
}",568.649,113418,32968,answer 1: component=apache02; reason=network packet loss; datetime=2021-03-06 18:52:00,"The only root cause occurrence time is within 1 minutes (i.e., <=1min) of 2021-03-06 18:52:00
The only predicted root cause component is apache02
The only predicted root cause reason is network packet loss
",reason,,"2021-03-06 18:52:00
network packet loss
apache02",0.0,telemetry/openrca/openrca_bank/task_7-6,outputs/result/Bank/agent-foa-openrca-10-gpt5mini-openai_gpt-5-mini.csv,0.0,,apache02; 2021-03-06 18:52:00; network packet loss
7,7,0,task_3,"Within the specified time range of March 6, 2021, from 23:00 to 23:30, there was one reported failure in the system. The root cause component, the exact root cause occurrence time, and the underlying reason are currently unknown. You are tasked with identifying the root cause component, the root cause occurrence datetime, and the root cause reason.","{
    ""1"": {
        ""root cause occurrence datetime"": ""2021-03-06 23:24:00"",
        ""root cause component"": ""MG02"",
        ""root cause reason"": ""high disk I/O read usage""
    }
}",564.62,115710,32738,answer 1: component=Tomcat01; reason=network latency; datetime=2021-03-06 23:18:00,"The only predicted root cause component is Tomcat01
",reason,,Tomcat01,0.0,telemetry/openrca/openrca_bank/task_7-7,outputs/result/Bank/agent-foa-openrca-10-gpt5mini-openai_gpt-5-mini.csv,0.0,,Tomcat01
8,8,0,task_7,"During the specified time range of March 6, 2021, from 23:30 to March 7, 2021, at 00:00, there was one failure observed. The root cause component, the exact root cause occurrence time, and the underlying reason are currently unknown. You are tasked with identifying the root cause component, the root cause occurrence datetime, and the root cause reason.","{
    ""1"": {
        ""root cause occurrence datetime"": ""2021-03-06 23:33:00"",
        ""root cause component"": ""Tomcat03"",
        ""root cause reason"": ""high CPU usage""
    }
}",613.51,104349,34118,answer 1: component=MG01; reason=network latency; datetime=2021-03-06 23:36:00,"The only root cause occurrence time is within 1 minutes (i.e., <=1min) of 2021-03-06 23:36:00
The only predicted root cause component is MG01
The only predicted root cause reason is network latency
",reason,,"2021-03-06 23:36:00
network latency
MG01",0.0,telemetry/openrca/openrca_bank/task_7-8,outputs/result/Bank/agent-foa-openrca-10-gpt5mini-openai_gpt-5-mini.csv,0.0,,2021-03-06 23:36:00; MG01; network latency
9,9,0,task_6,"Within the specified time range of March 7, 2021, from 00:30 to 01:00, the system experienced a failure. The root cause component, the exact root cause occurrence time, and the underlying reason are currently unknown. You are tasked with identifying the root cause component, the root cause occurrence datetime, and the root cause reason.","{
    ""1"": {
        ""root cause occurrence datetime"": ""2021-03-07 00:40:00"",
        ""root cause component"": ""MG01"",
        ""root cause reason"": ""high disk I/O read usage""
    }
}",642.522,113936,34176,answer 1: component=MG02; reason=network packet loss; datetime=2021-03-07 00:32:00,"The only predicted root cause component is MG02
The only predicted root cause reason is network packet loss
",reason,,"MG02
network packet loss",0.0,telemetry/openrca/openrca_bank/task_7-9,outputs/result/Bank/agent-foa-openrca-10-gpt5mini-openai_gpt-5-mini.csv,0.0,,MG02; network packet loss
